step	Coherence - lemma_w_stpwrd - 14 - Train
0	0.6205100452606154
1	0.5873935806511451
2	0.607545686704125
3	0.6178016187459453
4	0.6137450990859875
