step	Coherence (Train)
0	0.6209967984122639
1	0.6033271691354247
2	0.6146262669166318
3	0.6160853124629867
4	0.6097472784917538
5	0.6205100452606154
6	0.6118659258715112
