step	Coherence - lemma_w_stpwrd - 10 - Test
0	0.5796774678006408
1	0.5699921307679326
2	0.5888270640683386
3	0.568194054142446
4	0.5614275789039592
