step	Coherence (Test)
0	0.6131430249072191
1	0.605076102869645
2	0.613106866677859
3	0.5821748214679892
4	0.5796774678006408
5	0.5940054888186096
