step	Coherence - lemma_w_stpwrd - 10 - Train
0	0.6097472784917538
1	0.6131173260378417
2	0.6036676404098522
3	0.5961587171281162
4	0.5993181391136613
