step	Coherence (Train)
0	0.3105519465091093
1	0.29676884194822095
2	0.30925773904492304
3	0.2947617713638447
4	0.2817548756046566
5	0.28753473759533865
6	0.3118828198710975
7	0.31191359951610365
8	0.38785267896172865
9	0.3598831503307654
10	0.3792968390955316
11	0.3690949607013522
