step	Coherence (Test)
0	0.3865741292916742
1	0.37668522916840236
2	0.3764324052718241
3	0.37145497013365864
4	0.3536265901722121
5	nan
6	nan
7	nan
8	0.2596129456451833
9	0.2615756391691241
10	0.26909791918578374
11	0.2533373174887049
