step	Perplexity (Train)
0	-10.426478782026251
1	-10.944477715498515
2	-11.411312510483762
3	-11.85577216807495
4	-12.262525916540875
5	-12.643441154591644
6	-12.978987688707575
7	-13.329743480074287
8	-10.284917177310753
9	-10.768422638210374
10	-11.210013437810908
11	-11.631436252044546
