step	Perplexity - lemma_w_stpwrd - 18 - Train
0	-11.250467760636399
1	-11.24227985480665
2	-11.248957535188978
3	-11.285181054816455
4	-11.295591397780374
