step	Perplexity (Train)
0	-11.174788047879996
1	-11.550084026279668
2	-11.886484687356546
3	-8.970733315123725
4	-9.808988479863046
5	-10.615397296252825
6	-10.976351284828615
