step	Perplexity - lemma_w_stpwrd - 6 - Train
0	-8.970730263680963
1	-8.974896143532767
2	-8.995057289732827
3	-9.001883789834416
4	-9.002248234915095
