step	Perplexity - lemma_w_stpwrd - 10 - Train
0	-9.808989135698488
1	-9.831937759580264
2	-9.782641038645226
3	-9.831485877937629
4	-9.825247263023009
