{
    "Fold": 0,
    "Num of Docs (Train)": 1290,
    "Coherence (Train)": 0.3690949607013522,
    "Perplexity (Train)": -11.631436252044546,
    "Coherence (Test)": 0.2533373174887049,
    "step": 11
}
