{
    "Fold": 0,
    "Num of Docs (Train)": 129036,
    "Coherence (Train)": 0.6205100452606154,
    "Perplexity (Train)": -10.615397296252825,
    "Coherence (Test)": 0.5940054888186096,
    "step": 5
}
