{
    "Fold": 4,
    "Num of Docs - lemma_wo_stpwrd": {
        "14 - Train": 129036,
        "16 - Train": 129036,
        "18 - Train": 129036
    },
    "Coherence - lemma_wo_stpwrd": {
        "14 - Train": 0.5702945663930241,
        "14 - Test": 0.5496344114053852,
        "16 - Train": 0.5608167334493079,
        "16 - Test": 0.536650363671052,
        "18 - Train": 0.6023471198910211,
        "18 - Test": 0.5924188251162091
    },
    "Perplexity - lemma_wo_stpwrd": {
        "14 - Train": -11.24141868604943,
        "16 - Train": -11.553416884466097,
        "18 - Train": -11.93397982968172
    },
    "Num of Docs - lemma_w_stpwrd": {
        "6 - Train": 129036,
        "10 - Train": 129036,
        "14 - Train": 129036,
        "16 - Train": 129036,
        "18 - Train": 129036
    },
    "Coherence - lemma_w_stpwrd": {
        "6 - Train": 0.5538469979763735,
        "6 - Test": 0.6019687489748714,
        "10 - Train": 0.5993181391136613,
        "10 - Test": 0.5614275789039592,
        "14 - Train": 0.6137450990859875,
        "14 - Test": 0.594336751445295,
        "16 - Train": 0.6204948867640712,
        "16 - Test": 0.6171386274419881,
        "18 - Train": 0.6079687285666615,
        "18 - Test": 0.5929948537642796
    },
    "Perplexity - lemma_w_stpwrd": {
        "6 - Train": -9.002248234915095,
        "10 - Train": -9.825247263023009,
        "14 - Train": -10.698698839494593,
        "16 - Train": -10.961859994504328,
        "18 - Train": -11.295591397780374
    },
    "step": 4
}
