{
    "Fold": 4,
    "Num of Docs - lemma_wo_stpwrd - 14 - Train": 129036,
    "Coherence - lemma_wo_stpwrd - 14 - Train": 0.5702945663930241,
    "Perplexity - lemma_wo_stpwrd - 14 - Train": -11.24141868604943,
    "Coherence - lemma_wo_stpwrd - 14 - Test": 0.5496344114053852,
    "Num of Docs - lemma_wo_stpwrd - 16 - Train": 129036,
    "Coherence - lemma_wo_stpwrd - 16 - Train": 0.5608167334493079,
    "Perplexity - lemma_wo_stpwrd - 16 - Train": -11.553416884466097,
    "Coherence - lemma_wo_stpwrd - 16 - Test": 0.536650363671052,
    "Num of Docs - lemma_wo_stpwrd - 18 - Train": 129036,
    "Coherence - lemma_wo_stpwrd - 18 - Train": 0.6023471198910211,
    "Perplexity - lemma_wo_stpwrd - 18 - Train": -11.93397982968172,
    "Coherence - lemma_wo_stpwrd - 18 - Test": 0.5924188251162091,
    "Num of Docs - lemma_w_stpwrd - 6 - Train": 129036,
    "Coherence - lemma_w_stpwrd - 6 - Train": 0.5538469979763735,
    "Perplexity - lemma_w_stpwrd - 6 - Train": -9.002248234915095,
    "Coherence - lemma_w_stpwrd - 6 - Test": 0.6019687489748714,
    "Num of Docs - lemma_w_stpwrd - 10 - Train": 129036,
    "Coherence - lemma_w_stpwrd - 10 - Train": 0.5993181391136613,
    "Perplexity - lemma_w_stpwrd - 10 - Train": -9.825247263023009,
    "Coherence - lemma_w_stpwrd - 10 - Test": 0.5614275789039592,
    "Num of Docs - lemma_w_stpwrd - 14 - Train": 129036,
    "Coherence - lemma_w_stpwrd - 14 - Train": 0.6137450990859875,
    "Perplexity - lemma_w_stpwrd - 14 - Train": -10.698698839494593,
    "Coherence - lemma_w_stpwrd - 14 - Test": 0.594336751445295,
    "Num of Docs - lemma_w_stpwrd - 16 - Train": 129036,
    "Coherence - lemma_w_stpwrd - 16 - Train": 0.6204948867640712,
    "Perplexity - lemma_w_stpwrd - 16 - Train": -10.961859994504328,
    "Coherence - lemma_w_stpwrd - 16 - Test": 0.6171386274419881,
    "Num of Docs - lemma_w_stpwrd - 18 - Train": 129036,
    "Coherence - lemma_w_stpwrd - 18 - Train": 0.6079687285666615,
    "Perplexity - lemma_w_stpwrd - 18 - Train": -11.295591397780374,
    "Coherence - lemma_w_stpwrd - 18 - Test": 0.5929948537642796,
    "step": 4
}
