{
    "Coherence": 0.5959430847584273,
    "Perplexity": -17.328895318555524
}
