{
    "Coherence": 0.5451000713809073,
    "Perplexity": -13.61668819042664
}
