{
    "Coherence": 0.5674186590687738,
    "Perplexity": -16.252764756727807
}
