{
    "Coherence": 0.4469271143207044,
    "Perplexity": -15.88207031153387
}
