{
    "Coherence": 0.589481423577825,
    "Perplexity": -16.30939616973605
}
