{
    "Coherence": 0.513122078589963,
    "Perplexity": -9.762124222691163
}
