{
    "Coherence": 0.6025736253956872,
    "Perplexity": -16.267682692927856
}
