{
    "Coherence": 0.5589750840338729,
    "Perplexity": -13.55605097395252
}
