{
    "Coherence": 0.6449998305679239,
    "Perplexity": -12.314757094616123
}
