Topic 0,Topic 1,Topic 2,Topic 3,Topic 4,Topic 5,Topic 6,Topic 7,Topic 8,Topic 9,Topic 10,Topic 11,Topic 12,Topic 13,Topic 14,Topic 15,Topic 16,Topic 17
0.43294518512044106,0.5877347350780263,0.5772620512874704,0.6458859616858308,0.5224043979049124,0.5693856145746781,0.5875717583607349,0.4006996864578758,0.648692357971256,0.6126571612486308,0.3217688422708634,0.6048018280209064,0.4128513856468964,0.5298655265640702,0.2846382773181996,0.6010514684978832,0.5966123321601661,0.6536793418286652
