Topic 0,Topic 1,Topic 2,Topic 3,Topic 4,Topic 5,Topic 6,Topic 7,Topic 8,Topic 9,Topic 10,Topic 11,Topic 12,Topic 13,Topic 14,Topic 15
0.682333482876603,0.4948577100726089,0.6753972544198173,0.4686765612740945,0.6179799420818666,0.599952386353365,0.1575478728406707,0.6405436016306947,0.6765052027143932,0.5895259848745443,0.6787378316305184,0.33008943295718585,0.19466592679691988,0.6516502558109617,0.6473983904404274,0.6826711516976804
