Topic 0,Topic 1,Topic 2,Topic 3,Topic 4,Topic 5,Topic 6,Topic 7,Topic 8,Topic 9,Topic 10,Topic 11,Topic 12,Topic 13,Topic 14,Topic 15
0.5706179110833538,0.36172177971091357,0.5707963202452444,0.3843131725214627,0.5292512965971701,0.38826501882338665,0.18019599306160544,0.49897465259650825,0.5135262391543522,0.43715203128616065,0.5946717298259817,0.23979016901693262,0.2186138072965555,0.5415447224229972,0.49029432917279825,0.6311046563158476
