{
    "Fold": 0,
    "Num of Docs - Train": 129036,
    "Silhouette - lemma_wo_stpwrd - kmeans - 2 - Train": 0.24742773175239563,
    "Davies_Bouldin - lemma_wo_stpwrd - kmeans - 2 - Train": 1.9674946953413346,
    "Calinski_Harabasz - lemma_wo_stpwrd - kmeans - 2 - Train": 23064.03447812342,
    "Num of Docs - Test": 32259,
    "Silhouette - lemma_wo_stpwrd - kmeans - 2 - Test": 0.2480803281068802,
    "Davies_Bouldin - lemma_wo_stpwrd - kmeans - 2 - Test": 1.9772302323720965,
    "Calinski_Harabasz - lemma_wo_stpwrd - kmeans - 2 - Test": 5729.9152336019115,
    "Silhouette - lemma_wo_stpwrd - kmeans - 3 - Train": 0.045154422521591187,
    "Davies_Bouldin - lemma_wo_stpwrd - kmeans - 3 - Train": 3.315192713954023,
    "Calinski_Harabasz - lemma_wo_stpwrd - kmeans - 3 - Train": 14436.266607701878,
    "Silhouette - lemma_wo_stpwrd - kmeans - 3 - Test": 0.04446711763739586,
    "Davies_Bouldin - lemma_wo_stpwrd - kmeans - 3 - Test": 3.3048894196538883,
    "Calinski_Harabasz - lemma_wo_stpwrd - kmeans - 3 - Test": 3577.147386230821,
    "Silhouette - lemma_wo_stpwrd - kmeans - 4 - Train": 0.0639893189072609,
    "Davies_Bouldin - lemma_wo_stpwrd - kmeans - 4 - Train": 2.8348226919464063,
    "Calinski_Harabasz - lemma_wo_stpwrd - kmeans - 4 - Train": 11917.411322498308,
    "Silhouette - lemma_wo_stpwrd - kmeans - 4 - Test": 0.06263209134340286,
    "Davies_Bouldin - lemma_wo_stpwrd - kmeans - 4 - Test": 2.8406687728815427,
    "Calinski_Harabasz - lemma_wo_stpwrd - kmeans - 4 - Test": 2953.4881097977855,
    "Silhouette - lemma_wo_stpwrd - kmeans - 5 - Train": 0.03421131893992424,
    "Davies_Bouldin - lemma_wo_stpwrd - kmeans - 5 - Train": 3.1341392976436024,
    "Calinski_Harabasz - lemma_wo_stpwrd - kmeans - 5 - Train": 10174.116242374748,
    "Silhouette - lemma_wo_stpwrd - kmeans - 5 - Test": 0.033269938081502914,
    "Davies_Bouldin - lemma_wo_stpwrd - kmeans - 5 - Test": 3.138502277727672,
    "Calinski_Harabasz - lemma_wo_stpwrd - kmeans - 5 - Test": 2522.0766412405214
}
