{
    "Coherence - train": 0.4129445973856065,
    "step": 1,
    "Coherence - test": 0.5328059951109726
}
