step	14 - Test
0	0.5940054888186096
1	0.5516524415611176
2	0.5886354164571905
3	0.6058976927026956
4	0.594336751445295
