step	16 - Test
0	0.6071541212627207
1	0.5713261524424875
2	0.597902979221415
3	0.6211200992734379
4	0.6171386274419881
