step	16 - Train
0	0.6118659258715112
1	0.5937966772080934
2	0.6247806618526299
3	0.6417168528598158
4	0.6204948867640712
