step	18 - Test
0	0.5861705020671416
1	0.5870577938460482
2	0.6148049438495884
3	0.6017322846173876
4	0.5929948537642796
