step	6 - Test
0	0.5821748214679892
1	0.5140210467178044
2	0.5654900573398535
3	0.5389430883398781
4	0.6019687489748714
