{
    "Coherence (LDA, BoW)": 0.49050660629435994,
    "Perplexity (LDA, BoW)": -7.47745274007076,
    "Coherence (LDA, TF-IDF)": 0.5260383228231781,
    "Perplexity (LDA, TF-IDF)": -10.150773217798442,
    "Coherence (NMF, BoW)": 0.483373461192544,
    "Coherence (NMF, TF-IDF)": 0.5101383357495288,
    "step": 0
}
