{
    "Silhouette Score (lda_bow_kmeans)": 0.382104809484366,
    "Davies-Bouldin Score (lda_bow_kmeans)": 0.9001306949929816,
    "Calinski-Harabasz Score (lda_bow_kmeans)": 8717.867467407237
}
