{
    "Coherence (LDA, BoW)": 0.4927885142125768,
    "Perplexity (LDA, BoW)": -7.821429803925145,
    "Coherence (LDA, TF-IDF)": 0.6038744376758568,
    "Perplexity (LDA, TF-IDF)": -10.97851588716399,
    "Coherence (NMF, BoW)": 0.4977666204649431,
    "Coherence (NMF, TF-IDF)": 0.5227839113619805,
    "step": 0
}
