step	Calinski-Harabasz Score
0	4126.60022182977
0	4126.60022182977
0	10877.292131164653
0	7004.087299801991
0	10877.292131164653
0	23839.977651535133
