step	Calinski-Harabasz Score
0	2813.058262569381
1	123.36579112386345
2	2638.907597082075
