step	Calinski-Harabasz Score
0	4126.60022182977
0	4126.60022182977
0	10877.292131164653
0	7004.087299801991
0	10877.292131164653
0	23839.977651535133
0	23839.977651535133
0	13347.746814637794
0	3932.4699982526954
0	5246.432069325612
0	5705.016022017175
0	5705.016157517404
0	4833.577081639854
0	5705.016157517404
0	4833.577081639854
0	5705.016022017175
0	4833.576139723367
0	4833.577081639854
0	8073.8593452125415
0	6198.984574452737
