step	Calinski-Harabasz Score
0	4126.60022182977
0	4126.60022182977
0	10877.292131164653
