step	Davies-Bouldin Score
0	2.7338486598520495
1	0.2835148596124613
2	2.5315943475966365
