step	Davies-Bouldin Score
0	2.3915610532202156
0	2.3915610532202156
0	1.4247950676680976
0	1.770694724341924
0	1.4247950676680976
0	2.2015660799109136
0	2.201566078931231
0	3.145037227072104
0	2.4224911959965123
0	2.0401612554292634
0	1.975842194682506
