step	Davies-Bouldin Score
0	2.3915610532202156
0	2.3915610532202156
0	1.4247950676680976
0	1.770694724341924
0	1.4247950676680976
0	2.2015660799109136
