step	Davies-Bouldin Score
0	2.3915610532202156
0	2.3915610532202156
0	1.4247950676680976
0	1.770694724341924
0	1.4247950676680976
0	2.2015660799109136
0	2.201566078931231
0	3.145037227072104
0	2.4224911959965123
0	2.0401612554292634
0	1.975842194682506
0	1.9758421685443364
0	1.5700676501315132
0	1.9758421685443364
0	1.5700676501315132
0	1.975842194682506
0	1.570067594931216
0	1.5700676501315132
0	1.16673107238681
0	2.059477119061288
0	2.354436293837341
0	2.26957289100559
