step	Silhouette Score
0	0.11204932
0	0.11204932
0	0.34452572
0	0.24936798
0	0.34452572
0	0.3044757
