step	Silhouette Score
0	0.11204932
0	0.11204932
0	0.34452572
0	0.24936798
0	0.34452572
0	0.3044757
0	0.30447567
0	0.087551095
0	0.30475885
0	0.114299044
0	0.2480393
0	0.2480393
0	0.3802508
0	0.2480393
0	0.3802508
0	0.2480393
0	0.3802508
0	0.3802508
0	0.5285038
0	0.13371676
0	0.11143585
0	0.116664015
