step	Silhouette Score
0	0.066291414
1	0.4486328
2	0.06218718
