step	Silhouette Score
0	0.11204932
0	0.11204932
0	0.34452572
