step	16 - Train
0	-10.976347750830566
1	-10.948917339302172
2	-10.939090303283896
3	-10.936780032139952
4	-10.961859994504328
