step	Coherence
0	0.45361765572615514
0	0.5135525107554813
0	nan
0	0.4208603350975738
0	0.4208603350975738
0	0.4208603350975738
0	0.4199982509782507
0	0.40460245216711477
0	0.6449998305679239
0	0.513122078589963
0	0.5451000713809073
0	0.4154184418293046
0	0.5589750840338729
0	0.4363757008944006
0	0.5959430847584273
0	0.5959430847584273
0	0.589481423577825
0	0.6025736253956872
