step	Coherence
0	0.45361765572615514
0	0.5135525107554813
