step	Perplexity
0	-7.530807750771885
0	-12.314757094616123
0	-9.762124222691163
