{
    "Silhouette Score": 0.13371676206588745,
    "Davies-Bouldin Score": 2.059477119061288,
    "Calinski-Harabasz Score": 6198.984574452737,
    "step": 0
}
