{
    "Silhouette Score": 0.24803930521011353,
    "Davies-Bouldin Score": 1.975842194682506,
    "Calinski-Harabasz Score": 5705.016022017175,
    "step": 0
}
