{
    "Silhouette Score": 0.11666401475667953,
    "Davies-Bouldin Score": 2.26957289100559,
    "Calinski-Harabasz Score": 5227.393432953159,
    "step": 0
}
