{
    "Silhouette Score": 0.30475884675979614,
    "Davies-Bouldin Score": 2.4224911959965123,
    "Calinski-Harabasz Score": 3932.4699982526954,
    "step": 0
}
