{
    "Silhouette Score": 0.11143585294485092,
    "Davies-Bouldin Score": 2.354436293837341,
    "Calinski-Harabasz Score": 4938.140342424885,
    "step": 0
}
