{
    "Silhouette Score": 0.11429904401302338,
    "Davies-Bouldin Score": 2.0401612554292634,
    "Calinski-Harabasz Score": 5246.432069325612,
    "step": 0
}
