{
    "Silhouette Score": 0.24803930521011353,
    "Davies-Bouldin Score": 1.9758421685443364,
    "Calinski-Harabasz Score": 5705.016157517404,
    "step": 0
}
