{
    "Silhouette Score": 0.24936798214912415,
    "Davies-Bouldin Score": 1.770694724341924,
    "Calinski-Harabasz Score": 7004.087299801991,
    "step": 0
}
