{
    "Silhouette Score": 0.11204931885004044,
    "Davies-Bouldin Score": 2.3915610532202156,
    "Calinski-Harabasz Score": 4126.60022182977,
    "step": 0
}
