{
    "Silhouette Score": 0.38025081157684326,
    "Davies-Bouldin Score": 1.5700676501315132,
    "Calinski-Harabasz Score": 4833.577081639854,
    "step": 0
}
