{
    "Silhouette Score": 0.38025081157684326,
    "Davies-Bouldin Score": 1.570067594931216,
    "Calinski-Harabasz Score": 4833.576139723367,
    "step": 0
}
