{
    "Silhouette Score": 0.5285037755966187,
    "Davies-Bouldin Score": 1.16673107238681,
    "Calinski-Harabasz Score": 8073.8593452125415,
    "step": 0
}
