{
    "bert_kmeans": 0,
    "Silhouette Score": 0.062187179923057556,
    "Davies-Bouldin Score": 2.5315943475966365,
    "Calinski-Harabasz Score": 2638.907597082075,
    "step": 2,
    "bert_dbscan": 1,
    "DBSCAN Number of Clusters": 6,
    "DBSCAN Number of Outliers": 32215,
    "bert_hierarchical": 2
}
