{
    "Silhouette Score": 0.30447569489479065,
    "Davies-Bouldin Score": 2.2015660799109136,
    "Calinski-Harabasz Score": 23839.977651535133,
    "step": 0
}
