{
    "Silhouette Score": 0.3445257246494293,
    "Davies-Bouldin Score": 1.4247950676680976,
    "Calinski-Harabasz Score": 10877.292131164653,
    "step": 0
}
