step	14 - Test
0	0.6131430249072191
1	0.6084345537124273
2	0.6083013225410124
3	0.570447725392562
4	0.5496344114053852
