step	14 - Train
0	0.6209967984122639
1	0.6093671650375951
2	0.602777967801608
3	0.5897528072102863
4	0.5702945663930241
