step	Coherence - lemma_wo_stpwrd - 18 - Test
0	0.612234021034706
1	0.5816289214199911
2	0.6043298378699886
3	0.5912308773070195
4	0.5924188251162091
