step	Coherence - lemma_wo_stpwrd - 18 - Train
0	0.6118429279973492
1	0.580139030931882
2	0.5903614634233604
3	0.6019811600791816
4	0.6023471198910211
