step	Coherence - lemma_wo_stpwrd - 16 - Test
0	0.605076102869645
1	0.5966665181460129
2	0.5951545291545902
3	0.5963377255922322
4	0.536650363671052
