step	Coherence - lemma_w_stpwrd - 6 - Train
0	0.6160853124629867
1	0.558632509817649
2	0.5881139827567824
3	0.5633382844611347
4	0.5538469979763735
