step	Coherence - lemma_w_stpwrd - 18 - Train
0	0.6095937350752514
1	0.6074902070363739
2	0.6165902001599233
3	0.616948444468142
4	0.6079687285666615
