step	Coherence - lemma_wo_stpwrd - 16 - Train
0	0.6033271691354247
1	0.6045215670491788
2	0.6043443186974629
3	0.5964906379963273
4	0.5608167334493079
