step	Perplexity - lemma_w_stpwrd - 14 - Train
0	-10.615397288043093
1	-10.610359910563634
2	-10.630486200298503
3	-10.63545334573519
4	-10.698698839494593
