step	Perplexity - lemma_wo_stpwrd - 16 - Train
0	-11.550086470705283
1	-11.528368334794425
2	-11.540129894703153
3	-11.519721239493284
4	-11.553416884466097
