{
    "Coherence": 0.4129445973856065,
    "Perplexity": -19.773222895260158
}
