step	14 - Train
0	-11.174786405699637
1	-11.208390752127583
2	-11.19480957799392
3	-11.200039784946862
4	-11.24141868604943
