step	18 - Train
0	-11.885947251399108
1	-11.889777403276861
2	-11.939032327861327
3	-11.915150687867191
4	-11.93397982968172
