{
    "Silhouette Score": 0.062187179923057556,
    "Davies-Bouldin Score": 2.5315943475966365,
    "Calinski-Harabasz Score": 2638.907597082075,
    "step": "bert_hierarchical"
}
