{
    "Coherence - train": 0.4469271143207044,
    "step": 1,
    "Coherence - test": 0.5492833117795219
}
